extractor_name,execution_time_seconds,feature_count
texture,0.010387563677965943,6.0
fft,0.008149970135593201,11.0
contrast,0.0043939870677967416,6.0
edges,0.004331384847457619,7.0
moire,0.004287344056496827,6.0
noise,0.004155714457627031,6.0
colors,0.00411190971186447,22.0
glare,0.002951640915254415,5.0
reflections,0.002307012700565036,5.0
sharpness,0.0009924383248587894,5.0
brightness_periodicity,0.0005145543644067801,6.0
pixel_grid,0.00037773573163848604,6.0
